title	link	main text	reply text
不干啦！不干啦！远离职场PUA！	https://www.douban.com/group/topic/243256679/	['央企工作四年，目前已提交辞职报告，等待离职中。', '—————————————————', '2017进入某中字央企，属于三级企业。单位业务很特殊，计划都是郭嘉统一下文件，安排你怎么样就怎么样，亏损了有补贴。', '一开始是在业务岗，当时的领导也是懂业务，有心管理的，所以工作整体上是很顺心的。', '自始至终，我都觉得调岗是我悲剧的开始。', '2019年10月，度过了最后一个愉快的假期，我被调岗到了财务科，普通科员。', '有点特殊的事，我大概十年前就认识财务科科长，因为他老婆是我初中隔壁班的数学老师。科长当年还是普通科员，我妈的朋友当初是是他的领导。所以我住读的时候偶尔会麻烦他老婆带东西到学校给我。因为认识，所以我一直觉得起正面冲突不太好。可能就是因为我太温和，不想起冲突，才一步一步被PUA，被折磨。', '一、生活上', '刚到财务科的时候，还会开心的发朋友圈。生日的时候，凌晨12点发了一条朋友圈祝自己生日快乐，马上就收到科长的微信消息，问我为什么还没睡觉。', '疫情的时候，在家办工，我在客厅听到卧室电话响，就往卧室走，没有接到科长的电话，马上就听到我妈的手机响了。科长看我没接电话，就联系我家里人来找我。其他科室的同事也是这样，但凡他有他们家人电话的，只要打不通就打他们家人的电话。', '二、工作上', '我本身不是学财务专业的，所以对财务工作一无所知。在工作中，渐渐发现当初科长似乎有意挑拨我和另外一个同事A的关系。', '2019年10月前，同事A请客吃饭说她要去财务科了，结果最后变成了我调去财务科。后来才知道是科长私下找我妈妈，说想要我去。', '现在我提了辞职，他找同事A谈心说她至少三年内不能辞职。我就给同事A说《劳动法》规定了劳动者解除劳动合同，应当提前30日以书面形式通知用人单位，明确赋予了职工辞职的权利，这种权利是绝对的，劳动者单方面解除劳动合同无须任何实质条件，只需要履行提前通知的义务。', '到财务科工作之后，一开始就给我一个很难的工作，要我必须做出来。我刚去就开始天天加班。因为对财务工作一定都不了解，我也做不出来，加班很晚回家也很难受，就在家哭了起来。晚上做梦也梦见做工作做不出来。我妈也不能理解我，她觉得会计工作不难，是我没有能力。单位外面有一个安乐堂，有一天晚上加班走出来，我看到安乐堂房间都亮着灯，感觉那里好热闹。', '工作步入正轨后，他就开始一边打击我一遍抬高我。一边说“这点工作，这个结果，你觉得达到做这个事的目的了吗”，一边说“XXX是我们财务科的骨干”，一边说“你自己把握”，一边说“我有给过你这个权力吗”。让我很害怕，很自卑，觉得自己很差。一度到了坐在工位上，突然听到他叫我去办公室，就会害怕。', '工作顺手之后，不停的给我追加工作。一旦我做不出来，他就会找我谈话，主题就是“你不能做不出来”，说着说着还会突然反问我“你觉得我在办公室坐着是在玩吗”。我当时压力很大，很焦虑，晚上想到事情推进不了，睡不着。', '他特别喜欢找人谈话，特别是疫情之后，谈话内容给你灌输你要感恩，要奉献，都是为了你好，给你洗脑你有这样一个单位有多好。这个真的影响挺大的，我之前一直觉得我可能真的只有在这里工作了，出去肯定活不下去了。', '他特别喜欢在酒桌上劝酒，我妈是再婚，我叔叔可能不是自己的孩子不知道心疼吧，他在第一次和财务科科室吃饭的时候说我能喝一斤白酒，导致每次吃饭，科长都要拿这句话灌我喝酒，我不喝，就会拿电话出来打电话给我叔叔问我是不是能喝一斤白酒。之前打了第三针疫苗，不舒服，刚好那天又有业务局，他就一直在饭桌上暗示我喝酒，我就直接说我打了疫苗，为了生命安全不喝酒。他就开始说自己打了疫苗马上喝酒都没事，喝点酒疏通经络对身体好。业务招待的客人都看不下去了，开始说他们单位年轻人打了反应都很大，还是别喝酒了。酒局结束后，他把我叫住，问我是不是以为他只是想叫我喝酒，说喝酒只是为了助兴，是在饭桌上展现自己。', '我7月底辞职，马上就要到30天了。这期间他连我家里，想说服我不要辞职，找我谈话想让我不要辞职。话里话外都是现在我有这样的工作是我的福气。这福气你自己留着好不好？', '三、科室现状', '科长今年虽然还是财务科科长，但是职位暂代副总（没有正式任命文件）。他推了同事B做副科长。同事B现状也很焦虑，她说她现在想到会见到科长前一天晚上就会睡不着。', '同事B以前是财务科的资金审核岗，审核费用支出很严谨。现在科长暂代副总之后开始搞两套标准，开始说同事B转牛角尖，不懂得变通。', '可能是之前被打击，批评，对自己也没自信，真的以为自己就这样了。', '看完《花束般的恋爱》，就很突然的意识到，我不想这样下去了。因为这份工作，我已经很久没开心了，为什么不让自己开心一点。不想降低自己的标准，还给自己洗脑感谢单位，我喜欢这份工作。', '我不高兴，不喜欢，我可以离开。']	['灌酒不能忍。这叔叔也是太差了。', '灌酒不能忍。这叔叔也是太差了。', '看到一半就看不下去了，这真够sb的，离得好', '同在央企被pua，完全理解。', '说的好对，我老板也是，每天给我一些复杂不在我职责范围内的工作说是培养我，给我灌输一些焦虑，生活的压力，金钱的压力，但是我不开心，不高兴，我可以离开！！！', '据前同事说科长天天喊珍惜岗位提高站位，说想来的人多的很来都来不到(⁎⁍̴̛ᴗ⁍̴̛⁎)我出来之后发现外面的世界还好，只要有本事，随时都能从头开始', '你妈妈怎么也拎不清啊……', '我现在也是在一个不喜欢的国企施工单位干财务 虽然领导同事还行 但是这个地方真甜蜜操蛋 昨天11点都躺床上被喊去工地扫地 然后每周三要六点起来去扫大街 之前刚来也是一有酒局就喝酒 头一个月每周都喝喝成胃溃疡 我爸妈急急忙忙找的关系去说情加上我去医院开了我胆结石的报告才作罢 以后酒局不会喊你但是你想认识上面的领导也无门了  现在等着明年9月辞职了', '动不动点电话叫家长，这不算骚扰嘛？', '整个科室的人都达成共识，不能让他知道家里的联系方式，他找副科长只要电话没有及时接，就给副科长老公打电话', '神经质啊，是不是以后找他找不到也可以把他家里人电话都打一遍啊', '我也离开央企了，感觉轻松了很多', '恭喜恭喜，外面的世界也很美']
最近买了一本反PUA的书	https://www.douban.com/group/topic/254371782/	['之遭到严重PUA，。推荐这本书，等看完在来小组']	[]
被家人精神虐待（2021-11-28更新）	https://www.douban.com/group/topic/245062758/	['不知道要怎么写，就条列式好了：', '没了。如果看不懂，就算了。', '然后很吊诡的是，我姐和我认识的人知道这些事，他们都觉得我父母对我很好，要我惜福。', '我都觉得这种月收入多到可以在闹区买一栋自己的房子，能每半年出国玩，又不会无论做什么都被家人骂的人，凭什么说我不惜福…… ', '']	['只有下定决心逃出去，再跟父母断绝联系，否则一辈子都逃不掉，而且这种情况，就算结婚了，也会被父母插手婚姻生活，最终走向的还是不幸。', '经济是否独立？是否独立居住？', '然后很吊诡的是，我姐和我认识的人知道这些事，他们都觉得我父母对我很好，要我惜福。\n我都觉得这种月收入多到可以在闹区买一栋自己的房子，能每半年出国玩，又不会无论做什么都被家人骂的人，凭什么说我不惜福……', '你闹出自己的那份钱赶紧走吧', '你好惨姐妹，想问你结婚了吗', '如果我结婚我家人就不会骂我了\n而且因为我常常参加LGB+的活动我家人都以为我是性少数（我有解释过我是无性恋他们听不懂）\n所以他们对我很严格', '经济是否独立？是否独立居住？', '联想到美国那种说小孩有病（实际很健康）以便实施控制的父母', '可以在朋友的帮助下去别的城市生活吗?', '只有下定决心逃出去，再跟父母断绝联系，否则一辈子都逃不掉，而且这种情况，就算结婚了，也会被父母插手婚姻生活，最终走向的还是不幸。', '你闹出自己的那份钱赶紧走吧', '次奥好像在看恐怖片', '偶而接一些网络案子但是并不能维持个人生活\n所以可能要学一些东西了\n我有认识的人有在网络接动画外包\n希望学成能够找他接案', '姐妹，我没有朋友欸\n我从小到大很难交到朋友\n就算交到也跑走不联络了\n所以才会有“嫌弃我交不到朋友”这种说法', '唉 太难受了，能自由职业攒点钱逃走也好，感觉能逃走比什么都好', '因为实在是完全找不到工作，只有SOHO经验，所以只能先忍下来学点东西，之后接到外包存点钱就走了\n反正动画是需要庞大人力的职业应该很缺人手', '加油姐妹!', '其实有时也会怕万一我没学成我要怎么办\n因为想过很多情况我发现以我能力好像没办法做出来\n而且也有想过我一我认识的人不放心接案给我怎么办\n所以想说可能还要找Ｂ计划就是回大学找以前的教授看有没有工作机会了', '你父母想让你怀疑自己，否定自己，你别让他们如愿呀。去做了总会有结果的，一开始接活的要价低一点的话不管怎么样总算能积累经验的。', '也是噢', '然后很吊诡的是，我姐和我认识的人知道这些事，他们都觉得我父母对我很好，要我惜福。\n我都觉得这种月收入多到可以在闹区买一栋自己的房子，能每半年出国玩，又不会无论做什么都被家人骂的人，凭什么说我不惜福……', '读来窒息，姐妹要挺住啊！一定要想办法找到个工作，不管是去问以前的教授还是接私活，先经济独立，多多爱你自己，你很棒！！要走出来啊！！', '然后最近家里又有一只蟑螂，我怕蟑螂就不敢去有蟑螂的地方\n我爸还说“不怕我们（父母），怕蟑螂”\n显见我家人只是要我怕他们，服从他们，而不管我的自主权', '更新我的近况：\n\n1. 最近我电脑坏得很严重，我不知道原因，但是我爸不准我说我不知道，觉得我在推卸责任，而不管我到底知不知道。\n\n2. 我的line不知道为什么被设定成不能接电话，我等了好几个小时都等不到，我爸就骂我都不接电话。而我当时在参加线上的无性恋聚会，我爸就说“同性恋没有用啦！”还说我什么都不会没有出息，而不管我根本不知道line给我偷偷这样设定。', '3. 我妈最近病了，家事都停摆了，我说我要帮忙，我家二老就很凶的说“不需要”，但是我不帮忙他们又说我没用，说我“怎么生这种的”。\n\n4. 因为我妈生病，我可能要做家事，所以我问很多东西，结果他们就一直骂我，除了我一直要求的事以外他们什么都不让我知道。', '5. 我有小额付款还没有缴，我爸不管什么理由都不让我缴，尽管这才14块。\n\n6. 我爸啥都不让我买，然后我的电脑要回来了，为了预防万一我想买外接硬碟，但是我爸这样我不知道要怎么办才好……\n\n说完了。', '补一个： \n7. 我爸常常莫名其妙说我鬼鬼祟祟。像我刚刚去我父母房间拿卫生巾，我爸就在说我鬼鬼祟祟，还说他们都光明正大只有我鬼鬼祟祟，我鬼鬼祟祟什么了？问号欸！', '同情你，我也在这个小组里发帖了，跟你类似的遭遇，父母一直在控制我。想逃，但因为理解父母用心而狠不下心，唉.........', '我今天去拿电脑就想跳楼了', '更新我的近况：\n\n今天我做噩梦头痛，我爸就要控制我的思想，叫我“不要想那些胡思乱想的东西”，以避免我头痛。\n\n听到这个我真的很头大，我做噩梦又不是我能控制的，现在连思想都要控制我了吗？', '我父母也是这样，我从小到大都被人欺负', '更新：\n\n我今天500元的耳机坏了，我整个当下都很害怕，因为我家人一定会骂我，他们觉得我弄坏这么贵的耳机，而且还用不到一个月就坏了。儿果然今天起床后他们就咆哮的骂我乱花钱，说什么我一拿到钱就要挥霍掉，而没有想过我一开始选那么贵的耳机就是觉得贵一点的耳机不容易坏掉，但是他们根本连解释的机会都不给我。', '父母会把我的东西随意丢掉，都不过问所有者。甚至我的毕业证书也被丢了，但因为我读的是烂学校我妈把毕业证书丢掉以后又在说「妳的毕业证书没用啦！」']
曝光广州pua渣男肖欧辰骗财骗色	https://www.douban.com/group/topic/253535322/	['曝光广州深圳嘉禾望岗pua渣男肖欧辰骗财骗色，身高179年龄和每个人说的都不一样88-90年之间波动，此人反社会型人格，无良症，脚踩多条船同时交往多名女性，累计约伤害女性近百人，小到学生大到40岁已婚未婚都不放过，欺骗玩弄女性感情身体，后期榨取女性社会资源和钱财，处女都不放过。系统化学习pua五步陷阱法，有僚机和导师，前期装的非常温柔体贴（pua套路）心肠歹毒无恶不作。在有女朋友的情况下隐瞒欺骗我说可以不婚前性行为交往没多久将我强奸，还辱骂我是处女，后对我进行精神控制虐待，和身体上的虐待，多次强奸我对我身心造成极大伤害，多次向他下跪，患上严重抑郁症多次有轻生念头。找各种理由问我要钱，让我缴纳所谓罚款。通过拍摄隐私和特殊手段获取被他欺骗女性家庭成员联系方式进行威胁控制。忽悠受害者说撩累了撩不动了想稳定下来，为了你可以放弃一切等统一话术编造前女友劈腿谎言博取同情心（pua套路）无良症，说起自己伤害别人差点自杀的事毫无愧意云淡风轻，反社会型人格，极度冷血自私歹毒，我想那个女孩肯定也是和我一样被他用极端方式夺走第一次之后然后被虐待，痛苦至极。控制虐待家暴辱骂其前女友，骚扰威胁受害者家人，果照视频作为把柄，压榨利用前女友社会资源帮其做事，出轨反过来辱骂恐吓威胁前女友，毫无人性道德冷血歹毒。没有底线疯子一个，处女也不放过，不得好死。']	[]
你也经历这样的父母PUA嘛	https://www.douban.com/group/topic/248884797/	['#这算是被父母PUA了嚒#', '很感触. 父母近几年一直针对我一直单身这回事. 天知道不是我不想找只是想找个自己喜欢对方也真正欣赏喜欢我的. 但是我爸典型大男子主义加有点狂躁症每次我一顶嘴就砸东西. 昨天把茶桌上一套茶具、茶宠、茶叶罐都砸了个稀巴烂. 然后又一通说我，说了我将近有2个小时.什么我妈被我气的抑郁症，没面子社交，没面子大做60岁，还挑什么挑，再挑二婚的都不会看得上....彷佛面子比子女真正的幸福更重要. ...我默默打扫完地上的碎渣，一边默默流着泪水听完我爸的数落. 当时心里的OS是 ：父母接受的观念不一样 这只是短暂的PUA 我理解一下克服一下 睡一觉离开就好了. 不断的在做心理建设...第二天离开了老家. 近几年每次回家都是这样. 开开心心回去郁郁闷闷回来.  我不太能说服的了固执的父母，多次努力多次失败，我也不想委屈自己，尽力让他们别太糟心，然后尽力自己好好过.', '此一时，我又翻看了一眼他的照片，忍不住又落泪']	['根本就不爱你，别做梦了，你只是个不听话的工具人']
我经常被pua怎么办啊	https://www.douban.com/group/topic/247144799/	['我经常被人pua，想起来都气，这个人还是我亲哥。', '例如我发照片去朋友圈，我亲哥会私信我说这么丑的照片你也发，你看看你脸大的像脸盆，腿又短又弯哪个男人看得上。然后我一生气就是说，这点玩笑都开不起，我说出你的缺点是为了你好啊，外面人夸你是表面奉承你啊。偏偏我又不会吵架，就一直解释的那种。', '还有很多很多这种，半夜想起来都气的睡不着。']	['不能解释，不给他眼神就行了，越搭理越来劲。他质问你为什么不回复的时候就说“我还以为”。\n遇到这样的直接屏蔽。\n我上次去青海湖高高兴兴的发了朋友圈，我哥评论我“拍照水平还得提高啊”，气的我，直接把他屏蔽了，从此都清净了。\n是个正常人都知道人出去玩晒照片是心情很好，还跑来浇冷水的，要么是打心眼里瞧不起你的人，要么是情商为负的人，给这两种人看朋友圈只有无尽的气受，还不如屏蔽了一了百了。', '去隔壁推辞学', '不能解释，不给他眼神就行了，越搭理越来劲。他质问你为什么不回复的时候就说“我还以为”。\n遇到这样的直接屏蔽。\n我上次去青海湖高高兴兴的发了朋友圈，我哥评论我“拍照水平还得提高啊”，气的我，直接把他屏蔽了，从此都清净了。\n是个正常人都知道人出去玩晒照片是心情很好，还跑来浇冷水的，要么是打心眼里瞧不起你的人，要么是情商为负的人，给这两种人看朋友圈只有无尽的气受，还不如屏蔽了一了百了。', '“我没看到是你，看内容以为是哪个精神病院放出来的携带狂犬病的狗”', '谢谢你的回复，你是知道他在嘲讽你，我之前的问题是我不知道他在骂我，我哥特别能说的那种，死的都能说成活的', '唉，想办法远离和屏蔽，他一说话你就开启神游模式，尽量把影响降到最小吧。', '骂回去']
一个PUA十几的高手	https://www.douban.com/group/topic/248505785/	['这是一个男生。我也是男生。我从来没有想到会遇到这样一个对同性PUA的人。', '这是我遇见的唯一一个自私冷血傻x冷暴力小心眼恶心狗改不了吃屎的人。任何坏的字眼都不足以形容他。他是世界上最渣的人渣。', '刚开始关系非常非常好。他会天天缠着我，搞的像搞基一样。天天分享他的各种事情，知识。等到我们关系好了之后，他就开始作妖了。', '动不动就不理人。莫名其妙就生气。但这是表象。他其实不是那么容易生气的人。他只是用生气来操控别人。我为了缓和关系，主动示好，但是人家就来一句，管我屁事。或者管你屁事。', '然后不理他。他又可怜巴巴地来找我。刚好几天，又会因为莫名其妙的小事，生气。比如就是我随口说了玩笑。然后升级，示好已经没有用 。我开始为自己没有做错的事道歉。', '再到后来，道歉没有用。反复道歉，写信道歉，他才满意。', '我为什么会变成这样？为什么要一再降低自己来讨好他。。他甚至都不符合我做普通朋友的标准。为什么他一生气我就害怕。', '这样的关系持续了五年。是的。五年我为了这么个垃圾朋友，无数次焦虑。你们会说为什么不远离他？', '无法远离。第一是天天见面。第二是他的PUA手段太多了。当我们的关系变为普通同学时，他就开始示好，没事找我聊天，搞的特别融洽。当我觉得这样挺好，给他一点反馈，比如见面打个招呼，问他吃饭没？他就来句，管你屁事。关系直接进入冰点。', '反反复复。我快要被他搞成神经病了。一会冷一会热。至于打压什么的，那是经常的，我已经不在意了。', '我为什么会遇到这种垃圾！一万个人里也找不到一个。以后我再主动跟他说一句话我他妈就是狗。']	['控制自己，远离他吧', '别纠结了，打一仗，再有一次再打，直到他不敢跟你说话为止，就是惯的']
被朋友pua了怎么办	https://www.douban.com/group/topic/252083239/	['lz是高中生，同桌是朋友，有几件事一直让我耿耿于怀，一次是我在纸上写字，她莫明奇妙凑过来看我写什么，我说这是我个人隐私别看。他说你在写分啊，我不会嘲笑你的。还说你最好别在学校里写个人的东西，后来我在这个草稿本上写东西，当时在上课，她说你在写什么乱七八糟的\n\n一次是她下课要跟我说什么明星的八卦，我说我对这个不感兴趣，她低着头说那你都在乎什么乱七八糟的\n\n还有一次我跟她吐槽人，然后看她反应不太好就没再说，她看我在纸上写东西，突然来一句你在写骂我的话吗，课后不想再谈论这个话题，她说你为什么总不从自身找问题，我说我不想太多，活得快乐一点就行，她神神叨叨煞有其事的说 那你未来都不会拥有快乐了 我奇怪地问为什么 她笑着说 点到为止 第二天她又和我说她那是无脑的话\n\n最近和她撕破脸了，起因是英语测验，同她迟到了，然后考试的时候锤桌子，小声念题，大家坐的比较近，我下课和她说下次考试麻烦不要发出声音，影响到我考试。 然后她突然来一句，你考试的时候，我呼吸声音大，然后你也开始呼吸声音大，我都没说什么.....\n\n这难道不从侧面反应我被她影响到了吗，后来问旁边同学，她们都说还好吧 \n\n下午又开始懂王上身，做着做着题就笑起来，说知道我是个什么样的人了....\n\n她最mean的大概是高一我上课没背来都快哭了，下课上厕所，她笑着说你被老师吓尿了吗，然后总是对我body shame，做早操嘲笑我说什么没脖子，手胖。我反击她壮，她生气地说管好你自己\n\n觉得她奇怪，因为她知道我有点敏感和讨好型人格，会傻乎乎地为他人着想，一般不触犯底线不会太过分，就有点利用心理弱点，踩着我秀优越感，发泄自己的负面心理。但看上去又很内向怯懦的一个人，很多其实是她的负面标签，比如不礼貌，不从自己身上找问题，身材不健康，背书不行，就甩给了我，一副自己多厉害的凝视者教育家视角。\n\n']	['别怕，不满一定要说出来，不服就干']
寻求pua经历访谈	https://www.douban.com/group/topic/251368154/	['新传研究生，想寻求被pua过的朋友进行一次访谈，访谈的个人信息及内容全程保密，仅做学术研究使用。如果您有被pua的经历，欢迎私聊我接受访谈，谢谢！']	['提醒⏰：請注意保護個人隱私和防範信息被惡意利用。']
集体主义pua典型案例	https://www.douban.com/group/topic/251957475/	['', ' 个人觉得是集体主义pua典型案例']	[]
思考了一下广告中的PUA	https://www.douban.com/group/topic/251941044/	"[' 看到椰汁的魔性包装，想起了椰汁以前的辣眼广告，不禁思考了一下广告中好像也存在PUA的形式。', 'PUA是什么？', '「原意是指""搭讪艺术家""，目前以组织的形式快速发展，以网络课程、线下培训等的方式来教唆人进行诈骗，每一个普通人都可能成为PUA的受害者。」', '“PUA”是近两年被频繁讨论的热门词汇之一。谈到PUA很多人的第一印象就是两性关系中一方对另一方精神上的控制，PUA提出者的初衷也许是帮助那些害羞的人学会自我展示，掌握与异性沟通的社交技巧。', '然而，在当今互联网下，PUA的应用场景和范围与其最早的含义已相去甚远。除了情感上的打压、日常生活中的广告也存在PUA的形式。', '谈到PUA广告，我指的是以下这类：', '我身边的PUA更是数不胜数。', '「不要怪别人以貌取人」', '', '', '「给他看这10本书，他会越来越懂事」', '', '', '「一个让女性轻松躺赢职场的装备」', '', '', '更别说双十一铺天盖地的消息了，各种预售攻略、定金...', '双十一的活动可以说是人与人之间消费情感的缔结，在参照群体的当中，承担了这份感受，大部分人甚至觉得如果我不参与这些活动，会显得我很low。', '「从众心理」及「焦虑感」是这些PUA广告抓住的主要核心点。', '从众效应从心理学上说有个很重要的东西是参照，人们往往会通过他人的行为作为自己行为的参照，当一个人买，二个人买，三个人买，那就往往会跟着一起买，这也就是为什么双十一大家都在购买时，我们不能独善其身的原因之一。', '而焦虑感则是这类广告根据特定人群挖掘出潜在的消费点进行宣传。比如针对热门词汇“精致男/女孩”，这些广告：', '1997年，两位深觉国内电视广告中女性形象大不妥的学者，一起发表了一篇《我国电视广告中女性形象的研究报告》。', '', '', '这篇报告中的许多观点在当时并没有轰动一时，哪怕是作为女性，在那时也不觉得电视广告中的女性形象有什么不妥。', '在早期的椰汁电视广告中，最令我印象深刻的就是比基尼美女爬树摘椰子。利用女性对完美身材的关注点，制造「身材焦虑」。', '', '', '它的包装更是误导女性消费者，甚至直接配文：用椰汁擦乳，每日多饮椰汁能使乳房饱满，给消费者传递错误的观念。', '', '', '即便是今天，椰汁包装照样重复着那一句：', '“我从小喝到大。”', 'PUA广告并没有变成“过去式”，相反，它仍然出现在各大场合里、出现在各大社交媒体平台。', '比如新氧的整形广告。', '「女人美了 才完整」', '', '', '「做女人整好」', '', '', '可能大部分人看到这样的广告都不会心动到立马去整形，但是这则广告真正的目标人群是认同“女人美了才完整”的女性。', '同理拼多多，有些人会觉得拼多多很低端，尤其厌恶进群就往里面扔砍价链接的行为。但这并不妨碍有人就爱这么做，这也解释了为什么拼多多的用户量这么庞大。', '2017年京东双十一的广告中，有一个女孩对着镜头说，“我很挑，约会8次，心动0次；加我的人很多，能看我朋友圈的人不多；8.2厘米的高跟鞋，才配我的身高；够挑，才会拥有更好”。', '', '', '“瘦、高挑、美、丰满”似乎成了新时代PUA女性的标签词。当我们对自身条件不满意时，就会产生消极的情绪。甚至是9岁的女孩都会陷入自身的容貌焦虑形成抑郁症。', '', '', 'NEIWAI的内衣品牌新公布的以女性视角出发的广告让我眼前一新，就是鼓励女性自我认同，接纳自己。', '', '', '海报中的模特高矮胖瘦，各有各的特色，她们的皮肤可能没有那么白嫩、脸上可能也有岁月的痕迹、身材也可能没有超模那样火辣。', '但她们在镜头面前自信、美丽。', '这才是正确的价值观念，我们拒绝「BODY SHAME」。', '', '', '虽然这个世界上还是有很多品牌利用PUA的营销手法，在无形中加重了广大女性的各种焦虑。对于互联网上热议的性别意识的提升我们“不能简单评判或为之欢呼”，也不相信女性可以通过买买买来提升社会地位。', '但是作为消费者，我们可以拒绝羞辱、拒绝焦虑，因为我们就是最好的自己。\n', '如果你的焦虑无法停止，深陷在对自我的PUA', '', '', '一、确定情绪的来源', '解决问题的第一步是找到问题。我们允许对自己耍脾气、生气、释放负面情绪，但之后我们要回忆是什么触发了我们的情绪开关，我们先从源头上找问题。「冥想」和「写日记」都可以帮助我们更好的梳理情绪。', '二、以第三角度审视自己', '当我们沉浸在个人情绪的时候，是无法替自己思考的，只有我们以旁观者的角度来审视自己，才会知道自己的问题在哪。比如你试想最好的朋友整日对自己不满意，明明已经做得很好了，但还是在自我否定和批评，这个时候，你会对TA说什么？', '三、丰富自己的社交圈', '我们常说，一个人就只有一个活法，但是99个人就有99中活法，扩大自己的社交圈，不仅是让我们听到更多的反馈，也能让我们看到更多的活法。', '四、寻求外援', '我们要正视自己的懦弱与不确定的恐惧来源，这是我们很正常的情绪。我们永远允许自己寻求他人的帮助，可以是身边的长辈、同事、朋友，也可以是专业的心理咨询师。可能单靠自己，我们永远也无法打破自我囚禁的枷锁，所以我们更需要外界的帮助。', '你可以选择远离那个糟糕的TA、远离糟糕的事情，但是糟糕的“我”永远都是我们的一部分，我们唯有消化、唯有让那个“我”达成共识。', '以上仅作为个人观点哦']"	[]
对于pua的一些反思	https://www.douban.com/group/topic/251850833/	['曾经被一个男人pua了很久，他让我相信我自己是个垃圾，我无可救药，我人生完蛋了。', '但是我当时才刚刚大学毕业，刚进入央企，在其他人眼里的光明前途，在他眼里我就一无是处，不可救药。', '总结一下他的pua套路，希望能帮助到大家：', '1.用他虚构的完美前任来pua我。首先，通过完美前任来抬高他的身价，然后，用前任对比让我自惭形秽，从而达到他讲价的目的，也就是我配不上他，要对他更好，向他前女友看齐。', '2.如果你反抗，就用离开威胁你。如果你觉得不对劲，别人都夸我挺好的，怎么你看我就一无是处呢？如果你在他贬低你的时候为自己辩解，他就会删除你微信，失联等，冷暴力折磨你，直到你妥协，承认自己是个垃圾。他才会施舍般地回到你身边。', '3.他不是明知你优秀，而故意贬低你的。而是他根本看不到你的好。是的，他真的看不到，和你在一起也许是为了解决生理需要和其他客观需要，也许为了满足征服心理，但是也仅限于此，你在他们眼里没有任何看得上优点，而且你永远也无法改变这一点。', '4.当他否定你的时候，你不要为自己辩解，不需要证明自己。你越想努力付出去改变他的想法，你就会陷的越深。正确做法是不给他评价你的机会，轮不到他来评价你好不好。只要他说你不好，你就说你算老几？轮得到你来说我好不好？你自己就是垃圾你自己看不到吗？', '要做到这种程度的反抗确实很难，因为对方会采用第2条，离开你的方式来威胁你。', '当对方用离开要挟你的时候，你很容易屈服。', '5.一些避雷的方法', '1）这段感情不要瞒着你们双方的朋友，家人。越多人知道越保险。你要认识他的朋友，家人，公司等。如果你本身性格懦弱，没有任何可以影响到他的资源人脉，那么他伤害你就肆无忌惮，甚至把你当成出气筒，心情不好的时候就谩骂你、贬低你来出气，让你陷入长期的自我怀疑中，如同生活在迷雾沼泽，暗不见光，感觉自己浑身是烂泥。这对我们的自信心，人格，性格伤害极大。', '2）你要有朋友，你的的感情不要瞒着父母。不要交不能告诉父母的男朋友。', '如果一个男人你不能把他告诉父母，那么他本身就危险。（比如网恋的，年纪大的）', '3）不要故步自封，把自己和世界隔绝起来。这样在你一次次被他否定，被他贬低的时候，有第三方可以帮助你正确进行自我判断，告诉你你并非他嘴里的那样。', '碰到智商极高的朋友还会认清这个男人本质，帮助你擦亮眼睛。', '4）如果他控制你的社交，让你和朋友们的关系变差，要警惕。', '5）如果一个男人花你的钱，要警惕。一边花你的钱一边嫌弃你掏钱的姿势，更是呵呵。', '6）11月30日更新：今天学会了新话术，在争论一件事的时候（明明不是自己的错，但是对方为了自己心里舒服，就硬要把责任推到你身上），不要就这件事的细节来争论谁对谁错，而是直接占据制高点，评价他“你真的很会推卸责任哦”，看破对方目的，戳穿对方真面目。', '7）未完待续']	[]
思考——如何反PUA	https://www.douban.com/group/topic/250351690/	['最重要的前提是：独立，以及“我本位”', '思想独立、经济独立', '凡是以自我为中心，以自己利益为中心', '', '思想独立，就不会对其他人有过分依赖。', '不会依赖父母亲情、不会依赖伴侣爱情。', '经济独立，就不会因为钱而不得不困在一段关系中。', '很多人，因为不愿意面对现实，不想靠自己的双手养自己，就只能受困于父母、伴侣。', '而一旦发现被PUA，也不愿意去改变，不想努力，久而久之，恶性循环。', '我本位，不是说自私。而是在任何一段关系里，都要首先考虑自己的利益。', '比如你是否会为了伴侣做违背自己原则的事？', '是否会为了父母放弃自己的人生、理想？', '', '人不能既要又要都要，不可能事事圆满。', '必须明白，人的一生是为自己而活，路是自己走的，也是自己为自己负责。', '所以，', '思想独立，就不会依附于其他人；', '经济独立，就可以有资本挣脱任何一段关系；', '我本位，会让你时刻提醒自己，只有自己才是最重要的！', '', '加油，姐妹们！', '', '', '']	[]
今天看了一个pua的聊天记录	https://www.douban.com/group/topic/250259261/	['骂女孩子露肉就是什么公共女朋友，骂的那话恶心死了。后来女孩子还自杀了，UU们，如果你们遇到这种骂的很难听的，不要犹豫！！！！就是干！不触犯法律就行，我看见那个一下子火就起来了，女孩子被逼的自杀了，草，这要搁我，骂那么难听，我不把他从楼上推下去，都是因为我遵纪守法。']	['真的！女孩子千万不要受气！对象说你你就说回去！大不了分手走人断联！永远把自己摆在第一位！自己最重要！', '真的！女孩子千万不要受气！对象说你你就说回去！大不了分手走人断联！永远把自己摆在第一位！自己最重要！', '是的', '分手之前找朋友或者老爸叔叔舅舅啥的揍丫一顿😬', '说得对！']
面对父母的控制、强迫和PUA，我该怎么办？	https://www.douban.com/group/topic/248698958/	['先说一点，我是家里的独生子，父母很爱我，这点我不否认。', '但是，父母关心的方式，我实在接受不了，总结起来就是：给我下命令和布置任务，不让我做自己想做的事，为我灌输他们的思想，总是试图干预我的生活……', '我目前是自由职业，我现在的收入比全职上班的时候多很多，而且最近几个月一直保持在了1W以上，可以说，单论生活，我其实过得挺好。但我父母始终不同意我这样。在他们眼里，自由职业等同于无业，甚至是不务正业，他们认为我就应该找个公司，然后“轻轻松松地（他们似乎认为这个特别好考）”考个公务员、事业编……所以，我到现在都没有告诉父母我辞职了（我是端午节辞职的，只干了两个月。此前我做过自由职业，被他们知道了后逼着我找了这份工作）。', '我在外地，但我最害怕的就是我妈给我打电话聊天。因为每次聊，都是那几个话题：赶快找对象吧（这一项我能理解），你去干这干那吧，你去考这考那吧，都是为了你好……等等。注意，我是说每次，没有一次是例外。给我的感觉就是，他们给我打电话并不是关心我，而是关心他们给我的任务。', '直接导致我发布此贴的事情今天中午的聊天。十一假期我回家，头两天给朋友的婚礼帮忙，昨晚才忙完。回到家，我爸就跟我说：“回来两天了，我都没能和你聊一聊……”听到这个“聊一聊”，我立刻知道，今天会有一场大灾。确实，我没猜错。中午吃饭，爸妈就开始了。找对象，考编，考证；你应该XXXXXX，不应该XXXXXXX；你做这不行，你做那不行；你就应该老老实实的；我们都是为你好，balabala......但凡我能脑补出来的话，他们全都说给我听了。', '我从小在我父母面前就怂，任何事情，我只要有不同的意见，说不了几句他们就对我急眼，从来不以讲道理的方式来反驳我。而且，他们一急眼，我就如同见了天王老子一般，屁也不敢放一个，这或许是他们对我这样的一个原因。今天中午，面对着他们的进攻，我终于鼓起勇气，恳求着说：“你们不能老是这样逼我，我都没有我自己的生活了，你们不能总是控制我。”结果，我妈来了一句：“你现在就是不能过你自己的生活，因为你要孝敬父母！”听完，我立刻懵了。这也能跟孝顺挂钩？', '而且，他们聊天的时候，我坐累了，想起身喝口水，我爸都不让，命令我立刻坐下。好不容易“逃”回卧室，睡个午觉，然而快睡着的时候，我爸进来把我叫醒，说：“我知道你没睡着。我跟你说你千万别嫌烦，#￥%￥@#￥*&%…………）”balabala又把睡前说的话重复了一遍。之后，我再也没有了睡意，躺在床上翻来覆去，直到打开电脑，写下此贴。', '我知道父母很关心我，但是他们从没有意识到他们的关心方式是有问题的。我理解他们，但真的不想这样被他们控制和逼迫下去，我想过我自己的生活，现在我已经被他们搞的有些抑郁了。2019年的时候，我的一个高中同学（性格非常开朗外向），也是因为父母的不合理管控，得了轻度抑郁症，我真的怕我会和他一样。', '兄弟姐妹们，帮我出出主意吧，你们是怎么处理这种情况的？我该怎么办？', '10月5日更新：', '真的，越来越严重了。连续两天，我爸竟然早上逃班一个小时回家跟我唠叨， 说我以前如何如何，现在如何如何，你的想法如何如何地没用，还摆出受害者和牺牲者的姿态，说都是为了我好，我应该听他的。我现在反抗都反抗不了，想撕破脸，但既没胆量也不忍心，感觉以后不可能再有自己的生活了。 我感觉我真的要得抑郁症了……', '']	['既然经济独立，住在外地，就减少打电话减少视频。说到你不爱听的话就立刻挂断', '不要住在一起。。你完全有不听你爹妈bb的权利', '不要被孝道绑架你就能拿回自由。父母也是欺软怕硬的。你听到不想听的话拔腿就走，挂断电话视频，除非说你愿意听的话否则不理会，听上去挺难的，但是硬下心肠换回以后的成年人生活也值得。', '啊 楼主我和你有几乎一摸一样的经历。父母催考公务员、国企、催结婚、买房子…我一开始是打电话不吭声、微信上发小作文跟他们讲道理。 后面开始过年不回家，平时不电话，电话说到不爱听的，马上说“再说我挂了”，微信说到不爱听的，就不回复。 真的特别能理解你的感受。', '既然在外地，电话里完全可以顺着说啊：现在公司挺忙的但是涨工资希望不是很大所以还是在看书准备考公，不聊了，做题了哈哈哈哈哈', '回到外地生活，先拉开物理距离。\n然后自己挣钱、社交，培养独立的性格，先学着拒绝其他人，时间长了也就可以拒绝父母了。', '不要住在一起。。你完全有不听你爹妈bb的权利', '既然经济独立，住在外地，就减少打电话减少视频。说到你不爱听的话就立刻挂断', '既然经济独立，住在外地，就减少打电话减少视频。说到你不爱听的话就立刻挂断', '为什么不敢反驳', '既然在外地，电话里完全可以顺着说啊：现在公司挺忙的但是涨工资希望不是很大所以还是在看书准备考公，不聊了，做题了哈哈哈哈哈', '啊 楼主我和你有几乎一摸一样的经历。父母催考公务员、国企、催结婚、买房子…我一开始是打电话不吭声、微信上发小作文跟他们讲道理。 后面开始过年不回家，平时不电话，电话说到不爱听的，马上说“再说我挂了”，微信说到不爱听的，就不回复。 真的特别能理解你的感受。', '都自由职业了，收入还可以cover你的生活，那就先礼后兵，先沟通说出你自己的想法，不接受就去一个你父母找不到的地方也不主动联系他们，逼他们重新审视自己的做法。', '不要被孝道绑架你就能拿回自由。父母也是欺软怕硬的。你听到不想听的话拔腿就走，挂断电话视频，除非说你愿意听的话否则不理会，听上去挺难的，但是硬下心肠换回以后的成年人生活也值得。', '我也经常被各种教育，我惯用伎俩，电话沟通的话我在加班呢，先不说了哈。他们一直在电话里逼逼个没完，你就电话拿远点，时不时说句嗯嗯，知道了，然后差不多时间就说再见。', '“我爱你，你要乖。” 这是爱吗？我要吐了好吗。\n你父母不爱你，控制你罢了。\n为了你的精神心理健康，请赶紧拉黑。', '我妈也是，觉得省会的附属医院特别好进，我已经间断性拉黑我妈一年多了', '因为你要是真的按照他们的意愿生活，你自己又不开心，做人一辈子那么短，何苦呢', '非常理解。我的处理方式：少回家，少跟家里联系，他们说你不爱听的，你就都当耳边风。当然还是会难受，但是难受劲儿过去之后，还是过自己的生活。改变他们是很难的，改变自己的生活更不可能，只能尽量降低自己的情感投入，也就是别把他们的话当回事。', '这种说教/安排人生表面上是“为了你好”其实就是为了他们自己的利益考虑 不管是在亲戚朋友那儿的面子 还是老了以后需要在经济上依赖你 在这种父母眼里 孩子就是一个替他们实现自我价值的工具人 所以千万别有什么愧疚感打断拒绝他们的洗脑 也没有必要讲道理 讲不通的 但是和父母异地真的能缓解 天高皇帝远他们手伸不了那么长', '什么都顺着他说，就是他说什么你都回答好好好是是是，然后你不照着做就行了！你只按照自己的步调生活！\n\n千万不要住在一起！千万不要住在一起！千万不要住在一起！千万不要住在一起！', '其实我不明白为啥长辈非得找个编制轻松混日子？1没那么好考，2是考上也根本没那么轻松啊\n\n你一定要做自己喜欢的，自己觉得重要的，才能够支撑你！我是自由职业多年，别人问我妈我在干啥，她就答在电脑上干活。\n\n你不要跟父母住在一起，家里说啥你就答好好好是是是就完了。其他时间就说在工作，少说话，要谈心你就说你在工作。隔一段时间给家里买点东西，给养老钱，他们慢慢就不bb了', '其实我倒是不介意考个公务员啥的，但是他们总会提要求，一提要求我就有压力，毕竟我不是一定要考上的', '你说到点上了，我就是狠不下心来', '是的，但是这样治标不治本，他们会以为你认同了他们并在日后步步紧逼', '我也是这样想的，但是，虽然不住在一起，可过年过节我得回家......', '说得好像他们现在逼得不紧一样。可能是你不敢撒谎吧，比如在看书了，马上要考试了，最近不聊电话了，今年没考上，已经开始准备明年的考试了，在看书了，不聊了……', '是的，我也是这么做的，可以这似乎会助长他们的控制欲。况且，我最起码过年还是要回家的，唉.........', '说得对，我也在努力活成我想要的样子', '现在我也只能一步一步地走，看看能到什么程度了', '懂，能做到这样已经很棒啦，我回家的时候听他们说那些就一边嘻嘻哈哈一边默念：稳住，我在尽孝，我在尽孝=_=']
寝室有人待人忽冷忽热，还有自以为的优越感。	https://www.douban.com/group/topic/250294313/	['寝室有个女的，姑且叫A，家境小康，平时总爱拿名牌来贬低同班同学，也背地里贬低过lz。lz家境应该略胜于她，但平时不是很注重品牌，A总喜欢时不时从淘宝里面翻出她父母给买的名牌包的页面lz看价格（很无语其实）。然后对lz经常冷暴力，无缘无故的（确定我没惹她），就突然冷场，不说话，然后平时日常一不合她意，又开始冷暴力，但是其实有时候很莫名其妙，根本不知道哪犯着她了。日常三观不合，但她总想拿她的三观，或用冷暴力的方法，让我认同。今年打算搬出去了，然后跟同学吐槽，同学说她这不是pua吗？然后lz后知后觉，是有点不对劲。不知道这算不算pua。']	[]
我被pua了吗？	https://www.douban.com/group/topic/247940421/	['相识一年，最初对他印象极好，甚至可以说很崇拜，自认为对他是一见钟情。现在越来越抑郁，睡眠变差，身体也有一些亚健康状态了，不能说完全由他引起，但是他确实能让我长期不开心甚至自我怀疑。', '1.鄙视我工资低。我是英语教师，非一线城市，学校提供食宿，到手六七千的样子；他比我大一岁，没有工作过。一直说我工资低，但是一年下来没有给过我经济上的任何支援。', '2.攻击我的外貌，说我丑。不算大美女，高中和大学时候也会被同学评为“班花”，工作后确实憔悴沧桑了很多，加之有外貌焦虑，自认为确实不算大美女，但有时候在地铁上也会被搭讪加微信。', '3.攻击我品味差，买的衣服都丑。大学时候很注重穿衣打扮，工作后收入一般，且教学压力大，更多的心思在工作学习上吧。确实没有在衣服上面花太多金钱和精力。他说他的衣服全是品牌，我留意到他基本上是森马班尼路、有时候是特价的nike阿迪。', '4.鄙视我学历低。我本科，他是博士七年后肄业，这也是他一直没有工作的原因。目前我在准备考研，他给了我一些建议，这一点我非常感激。但也会攻击我方法不行，不够刻苦，也会说我报那样不入流的学校考了不如不考。教师行业现在真的很辛苦，学生调皮家长不讲道理动不动投诉的比比皆是。有时候下班后真的疲惫到极致，他会攻击我偷懒不勤奋，告诉我他以前多么刻苦。', '5.双标严重。从生活工作学习方方面面否定我。拿微信聊天来说，如果我聊天出现错别字或者信息撤回他会大发雷霆甚至辱骂我，骂我不谨慎脑子不够用发信息都能错，如果是他有错别字或者信息撤回，他会说这是正常现象，让我不要在意细节。', '6.他讲话时候我不能打断，要求我认真听，如果我要表达自己的观点时，会打断我的讲话甚至开始做其他事情。', '7.微信电话不定期被他拉黑，等他想联系我的时候又会找到我。', '']	['我从看到第一条就在想 该怎么把让他滚这三个字说的委婉点……', '而且我不能懂，为啥读个博士就会觉得自己很了不起，讲真，我觉得中国很多博士，或者90%博士都是xjb乱读的.... 并不能证明他们比本科生好多少。', '这么嫌弃还跟你交往，他真是菩萨；这么被嫌弃还不分手，你也是菩萨；你们一对菩萨。', '第一条就看不下去。一个没工作的人好意思说你工资低哦？？？他脸呢？？？快跑', '我从看到第一条就在想 该怎么把让他滚这三个字说的委婉点……', '第一条就看不下去。一个没工作的人好意思说你工资低哦？？？他脸呢？？？快跑', '快跑', '他觉得他是硕士研究生，以后会有大出息', '以前总觉得自己不好才这样，哎', '谢谢', '。。。我也是硕士，讲真真的没啥。。进入社会首先要养活自己吧！姐妹你的福气在后头，快跑', '而且我不能懂，为啥读个博士就会觉得自己很了不起，讲真，我觉得中国很多博士，或者90%博士都是xjb乱读的.... 并不能证明他们比本科生好多少。', '可能我还没有到达那个高度，又或者说他刚好因为学历高于我以此来pua吧。', '姐妹，咱扶贫嘛？不扶贫的话赶紧跑好嘛？！', '你是不是自身能量低、自我认同感差，碰到如此克你的妖魔鬼怪也无力挣脱？', '快跑，不然就锁死，尊重祝福', '“微信电话不定期被他拉黑，等他想联系我的时候又会找到我。”\n\n我的天哪，lz你是哈咯单车吗？用就拿起手机扫一扫，不用了直接扔路边？不对，有时候我想骑车的时候在路边还得找一找呢，而lz却随叫随到。。', '“鄙视我工资低。我是英语教师，非一线城市，学校提供食宿，到手六七千的样子；他比我大一岁，没有工作过。一直说我工资低，但是一年下来没有给过我经济上的任何支援。”\n\n哈咯单车还要钱呢，lz随叫随到地倒贴。', '楼主，你完完全全是被pua了啊，你说的每一条都不是正常恋爱关系里面男方应有的态度，尊重，呵护，付出，保护，这些没有就不说了，他完全没有把你当个人看啊，而楼主却能够忍受着倒贴一年。请放下你对他的任何滤镜，（不知道lz是不是有什么学历崇拜。）找一个真正能和你有未来的人，而不是站在你的对立面或者永远认为自己高于你的人，如果继续下去，你们之间永远不可能有平等的关系！', '哇！我前男友也是说我工资对我工作来说也不算高啊，他的工资没我高，学历没我高，他说话要求我不能打断，果断分！', '这么嫌弃还跟你交往，他真是菩萨；这么被嫌弃还不分手，你也是菩萨；你们一对菩萨。', '绝对pua', '完完全全的pua，你还在等什么，直接拉黑断联一条龙吧！！！另外，非一线城市到手六七千已经很不错了！人活在现实中，而现实不是某书某音！再者，千万不要有外貌焦虑！说实话，永远都有比你更好看的人！要自信！要开心！爱自己！最重要！']
PUA的本质是什么？使用PUA的是男性多还是女性多？谁更有天赋？	https://www.douban.com/group/topic/249905369/	['1、以推拉、进挪、dhv等技术为核心的泡妞理论', '2、通过各方面打压（推）使人缺乏自信的手段', '3、只存在于夸张描述中的精神控制术，类似迷药类都市传说']	['感觉生活中使用pua的男的更多，男老师、男上司，还有各种男朋友老公']
我怀疑我被PUA了	https://www.douban.com/group/topic/249211569/	['我老公性格比较暴躁，什么事都需要听他的，不依着就会发很脾气，每次吵架以他发火我哭着妥协结束，即使是他错了他也不会道歉，总是打压我说我什么事都干不了，每次回家总摆着个冷脸。', '具体：', '不能化妆，不能涂口红，不能穿裙子，不然就说本来就丑，搞了更丑', '他出去做事出点问题，其实沟通就好，最后说来说去就怪我没搞好。', '对朋友比对我都好，朋友有什么事总是耐心的帮忙，和朋友聊天聊得开心，对我就冷暴力，我问什么不回答，对我各种嫌弃和借口，家里有些事我还要从别人嘴里听到。', '不让我有社交，每次我和谁走得近他就说别人坏话，在他眼里除了他没一个好人（包括他爸妈，包括我）', '有几次还说过他（大专）看上我（高中）是我高攀了，对了他毕业于jc学院学过心理学，做过一段时间jc，后来出来了。', '在花钱问题上也是一样，一个月五百块零花钱（包括话费）都说要我省着点，可是他一包25的烟，一天一包（不是应酬的，自己抽的）', '结婚12年，还是四五年前买了鞋送我，后面不论是生日，纪念日，不管什么节，都没有礼物，哪怕一朵花都没有。结婚前送的一件衣服说了有十年的以前送了我什么东西，后来我说了他几次，他才不提。（现在那衣服还挂在衣柜里，也没穿过几次）', '每次承诺得好，保证怎么样，但每次都是不了了之，特别是去年我生日，还一个月的时候就说买生日蛋糕，生日前两天也还在说买，到了我生日那天又说不买，说实话我也不是想吃蛋糕，但确实是失望，失望一次次攒起来，失望越多也就不会再信任，到现在他说的半个字都不信。', '他晚上出去，半夜不回，电话不能超过三个，打多了就会吼不该打了，而我出门三分钟，就来电话问干嘛去！', '很会打击人，事情做好了没有奖励不说就是夸奖一句都没有，做不好就是骂就吼，就说你就是个吃白饭的，什么都干不了。一句话把所有的一切都抹掉了，整个人没一点自信', '懒，特别懒，扫把倒了也不会扶的，结婚之后没做过饭，没洗过一只碗，只洗过一次衣服，剪指甲都是我剪的。有时候痛经痛得要死，要他动一下手，就拿男不做女工来说，都被气死了', '爱面子，去年是赚了钱本来说了拿去看病（肾虚），但过年的时候我们又吵了一架，还惊动了双方父母，结果因为我说的一句结婚这么久什么都没有，又一气之下付首付买辆小车，那时父母也劝我又妥协，但这使终有一道过不去的坎。', '受不了一点气。有时候在外面受气回来，别人是不能得罪嘛，但一回来就冷着脸，想问下他怎么了，也会莫名其妙被骂，只有他开心的时候我才能过得舒心一点，他不开心我也不能笑，也笑不出来，不开心回来我得小心翼翼伺候，生怕哪个没做好，他看不顺眼，搞得全家不得安宁，以至于现在我有什么问题或者要什么东西都不敢和他说，真的有点怕他了，有时被他说得是不是真的没做好，是不是真的我自己没做好，怀疑人生到想不活了解脱就好。', '各位友友们，这是不是被PUA了，我该怎么办呢？']	['您结婚的目的是？', '不仅仅是被pua吧', '一月五百零花钱？楼主有工作吗，先实现经济独立吧', '您没有工作的话建议先分居然后找个有劳动保险的正规工作', '换个老公吧...这也太离谱了', '您结婚的目的是？', '换个老公吧...这也太离谱了', '不仅仅是被pua吧', '一月五百零花钱？楼主有工作吗，先实现经济独立吧', '您没有工作的话建议先分居然后找个有劳动保险的正规工作', '这种生活不窒息吗？已经不需要怀疑是不是pua了', '光听描述都觉得要命，所以为什么要把自己困在这段关系里？一个月500，还要在家当佣人，哪怕是进厂当小工都比这生活滋润吧。', '自信点，把怀疑去掉，就是。', '不用怀疑…确实就是', '冷暴力也是暴力', '全职保姆工资至少一个月5000吧，还不用受气', '叫个家政清洁服务两天都得五百了😅你这一个月五百还得提供情绪价值 他凭啥啊', '和这种男的结婚。。还过了12年？真的是 赶快找好工作把他踹了或者逃得远远的（而且他还懂点心理学😅看这套路估计是真的学过pua', '这，跟我前任有一拼。最好的办法就是及时止损，离婚吧。', '结婚十二年了？我看你可以申请吉尼斯纪录了。', '你这个是妥妥的被PUA，你发贴子选小组也选的非常精准\n你这个情况，离婚会快乐200倍', '看得我窒息', '有小孩么？', '我确定，您老公有几个亿的资产这件事您瞒了我们。', '现在的生活和我的目的背道而驰', '性格原因，有很多事感觉不到伤害，一般有什么问都会自我消化，不去计较，也没好胜心，这种性格在哪都会吃亏，这次确实是心里太难受就去查询了资料但又不确定才来小组的', '楼主是自己一个人没法活下去吗？不然就是自虐成瘾？总之不想过人过的日子就继续吧。这不是pua这是虐待', '这就是PUA……', '可是不做出改变就永远都这样，跨出一步就会有新的可能。', '您结婚的目的是？', '有些女性真是，就不能强势一点，就不能多爱自己一点点？对你不好，就打过去！骂你，你就骂回去。', '这都不离。。？！', '包容应该是有限度的。对这种人不能无限包容。', '天啊姐妹…你这…建议离婚惹😰', '唉，这十几年怎么过来的…', '这是虐待吧', '211 985看到你老公的高中学历都要害怕……现在本科生遍地都是，说自己学历高怕不是没见识。', '普信男 自我感觉那么好 是长得有多帅', '哈哈哈笑死了', '你都知道是pua了为啥还能忍受这么多年呢？？？赶紧离吧，不知道你在等什么！日子过得好不好，只有自己知道！']
我怀疑我被pua了	https://www.douban.com/group/topic/248485192/	['情况大概是这样，大二的时候因为一个活动和班里一个同学变成了比较亲近的朋友，会一起上课、做小组作业之类的，之前都是在我比较舒适的范围之内，然后我就天真地准备和这个人发展较深的友谊关系。后来，慢慢地有很多事情让我认识了这个人又恶心又自私又利己，比如理直气壮要抄我作业，比如一边嘴上说着我不喜欢欠别人一边又借了我的东西不还。但是因为我圈子比较小，所以她一直都是我在我的圈子里最熟的人，也是我在学校说话，讨论一些事情的人，结果出现了这个落差之后，我发现我无法摆脱这个人，因为她在我生活里已经占了很大一部分了。此外，因为她是家里最小的小孩，我是家里最大的小孩，所以性格上就是她总是在从我这里取得东西，然后我也总是被迫地让着她，这让我很不舒服，可是我不知道怎么拒绝。', '然后点燃我的情绪的就是昨晚的一件事情。在一场演讲比赛结束后，我上台演讲了但是最终没有获奖，然后回到宿舍我就说出了我的感受，觉得很意难平，结果，她就开始了她的对我的贬低——她当时的原话是这样的，“我只看了你和前面那个人（专业第一）我觉得你们一个有经验，一个没经验，一个有台风，一个没台风，…（这里还有很多个排比句）”我听完就是，exm？你算什么牛马，你甚至连站上去的勇气都没有：）））听完之后我很不爽，但是当下我又不知道怎么去表达我的不爽，所以只能自己生闷气，不开心，消化完之后又当作无事发生。', '这样的状态持续了一个月了，我觉得她在pua我，我不知道为什么会从一个独立的人变成这样一个感觉没她我的大学生活就不能继续进行了的人。我很痛苦，每次有不满的事情我都只能自己消化，我不知道怎么表达不满，不知道怎么保护自己，只能这样任她pua。', '想知道组里的家人们怎么看。']	['下定决心远离她吧！一个正常的好朋友是会给你提供好的情绪帮助。\n假使你这个朋友觉得你的演讲有问题，她也应该是指出具体的问题，提供她觉得合理的解决方法，而不是用笼统的负面词汇贬低你，这只是单纯发泄她的情绪，并不能帮到你。\n很好奇你的朋友在面对别人的负面情绪时，是只会用负面情绪应对吗，还是执针对你才这样，她给过其他人正向的鼓励和支持过吗？', '她没有pua你，她只是在精神虐待你。', '下定决心远离她吧！一个正常的好朋友是会给你提供好的情绪帮助。\n假使你这个朋友觉得你的演讲有问题，她也应该是指出具体的问题，提供她觉得合理的解决方法，而不是用笼统的负面词汇贬低你，这只是单纯发泄她的情绪，并不能帮到你。\n很好奇你的朋友在面对别人的负面情绪时，是只会用负面情绪应对吗，还是执针对你才这样，她给过其他人正向的鼓励和支持过吗？', '她没有pua你，她只是在精神虐待你。', '是的，她就是会通过贬低我来提高自己的优越感，我也搞不懂她为什么这样做，不知道是低情商还是故意的… 但是现在好一点了，我已经彻底看清了这个人，不会再有任何的感情投入了，只是一个有工作和学习交集的人罢了。', '太难了…整个国庆假期都被这个人毁了可以说是… 掰了吧又很尴尬，整天抬头不见低头见的，现在只能等毕业了，拉黑删除一条龙。']
救命！我被我妈PUA到不敢吃饭了	https://www.douban.com/group/topic/244074300/	['楼主是大二学生，因为学校的宿舍条件太差了（没有洗澡的地方，洗澡都是提着水桶在坑上洗）想在外面租房子住。', '刚开始我妈同意了，后来又反悔。然后不停的骂我，说我老是花钱。我就不明白了，谁租房不要钱？', '她一直说她有多辛苦，说我有多爱乱花钱，说我狼心狗肺…她给我办了张卡，里面放了点钱，我觉得放的钱有点多，她说她有钱，多放点没事。', '现在又来指责我，说把家底都给我了。我就奇了怪了，她没那么多钱为什么给我那么多？', '在她的指责下我感受到了强烈的负罪感，而且很痛苦。我现在身上也没什么钱了，所以打算一天不吃饭。可是好饿啊…最近身上不知道怎么回事起了几个红包，很痒，我也不敢去医院，不敢买药。我怕我妈又骂我乱花钱……', '我严重怀疑我妈是故意在我卡里放多一些钱，然后再PUA我的。', '我妈还说我死了最好，这样就不用花她的钱了。那当初为什么生我？', '我怎么办啊😢', '']	['光看聊天语气是你妈有问题，一个人不能对任何人这样说话的。尽量自己攒钱远离你妈吧，不要试图和她辩论', '你妈想爱你但又没有能力爱你 ，所以用攻击你的方式减轻自己无能的压力……', '看得好窒息 哪有亲妈这么讲话的呀', '楼主截图断断续续的谁也不知道语境。当然如果全是主楼这样你妈确实说话语气很有问题。', '你没看到你妈压力很大吗？那你就去赚钱吧。', '借钱是什么事？', '她说没钱啊，我就问她能不能借钱', '光看聊天语气是你妈有问题，一个人不能对任何人这样说话的。尽量自己攒钱远离你妈吧，不要试图和她辩论', '你妈妈平时跟你关系怎么样啊，两个人亲密么', '真的没钱的话要不要考虑更加廉价的解决方案？', '你妈想爱你但又没有能力爱你 ，所以用攻击你的方式减轻自己无能的压力……', '妹妹自己多找兼职多联系实习机会吧 爹妈给生活费就够了 其他自己加油', '看得好窒息 哪有亲妈这么讲话的呀', '既然如此你为何不自己打工赚钱呢？', '你没看到你妈压力很大吗？那你就去赚钱吧。', '楼主截图断断续续的谁也不知道语境。当然如果全是主楼这样你妈确实说话语气很有问题。', '抱抱你', '先打工攒钱经济独立吧，不然除了被妈妈说就是抱怨妈妈说……逃不开的']
应该开个贴说说我见到的职场pua了	https://www.douban.com/group/topic/243162095/	['1']	['好上司常反省自己，鼓励他人，降卑自己，托住他人。反之如楼所说，就是折磨人，处处让人受打击，', '举手发言🙋\u200d♂️我遇到的职场pua是挑拨同事之间关系 跟每个人都说另外一个的坏话 说这里我只信你才跟你讲 其实跟每个人都是讲同样的一套 让我们彼此间产生缝隙 都只信他一个人的 之后再进行思想控制。要不是惹急了一个忍不住跟我拆穿我还极其信任对方呢 回头一想真是傻得够呛。所以说别人在赢得你信任的时候一定要小心 都是有目的的', '坐等更新', '楼主快点更新', '天 这不就是我吗', '等更新', '好上司常反省自己，鼓励他人，降卑自己，托住他人。反之如楼所说，就是折磨人，处处让人受打击，', '负责人说的最恶心的话🤢 如果公司收益不好你们还想放节假日  ？？', '这不就是每个律所吗…', '举手发言🙋\u200d♂️我遇到的职场pua是挑拨同事之间关系 跟每个人都说另外一个的坏话 说这里我只信你才跟你讲 其实跟每个人都是讲同样的一套 让我们彼此间产生缝隙 都只信他一个人的 之后再进行思想控制。要不是惹急了一个忍不住跟我拆穿我还极其信任对方呢 回头一想真是傻得够呛。所以说别人在赢得你信任的时候一定要小心 都是有目的的', '我想知道，如果一个人总是和我说xx公司多好多好，我托关系把你弄进去你要好好干，你干不好都是你的错，你学的慢也是你的问题，我是被pua了嘛？姐妹们😭', '那他们这么做目的是什么呢，效果是啥呢？', '无形中给你压力就是PUA 就像我们上学的时候父母总是说我辛辛苦苦省吃俭用挣钱供你上学，你不好好学习对得起我吗？', '谢谢姐妹！', '前公司人事就特别喜欢púa，招人会说觉得你hold不住，加班，调休等等会还说是不是能力不行，开会时候谈忠诚？🤷\u200d♀️']
大家帮我看看是我的问题还是我被PUA了呢？？	https://www.douban.com/group/topic/244669722/	['我在去年年底12月30号入职一家公司， 那时候跟他不是一个部门也没有交集 都不知道这个人的存在，后来元旦回来培训后正式下组办公，那时候也没有交集，不认识这个人 ，直到1月13日 我出了一单，然后需要跟他部门对接。于是加了微信。。 加上之后跟他讲了一下我的客户情况 然后客客气气的谢谢 不客气之类的。 ', '结果当天晚上就又问我客户约好没 第二天他要去对接，以此打开话匣子，又说看我朋友圈是不是喜欢篮球啊 喜欢什么剧啊 他也喜欢啊什么的 还问我结婚没有没有男朋友。。。 我那时候也是不想扯 我就说我有男朋友。 第二天他对接完我的客户告诉我了，又以此打开话匣子说篮球什么什么 的，刚好那时候CBA还在打比赛，他就跟我聊啊 谁谁谁啥样啊。。然后各种跟我吹牛逼，说去过几次现场，见过几次谁谁谁，说还去过春晚 啥啥啥的，说自己有朋友以后带我去啥的。。', '但是很奇怪就是 他只是在微信上跟我说话，工作场所打个照面儿还是装不熟。。有时候我冲他笑一笑 他也没啥反应。。就跟现实不符。。 但是基本每天都找我聊天，我第一次干这个行业 好多不懂的 他也总教我 就人设特别正能量 然后正直 全能 而且跟我志同道合，后来我自己同事说要给我介绍对象，他听见了，微信问我 我说我没对象什么的。 ', '然后在二月九号，也就是我们春节倒数第二天放假的晚上给我发微信说喜欢我 跟我爱好也挺像的 跟我挺聊得来 想相处看看 但是如果我不同意就还是好同事。。 现在往回想，我就是太快给他机会了，我们在现实中都没说过话，就根本就不了解，跟网友似的。但是我在这个过程中确实挺喜欢他的。就同意了。 下班的时候他在单位附近等我 开车送我回家，我俩一起在我家附近吃了一顿烤肉。然后他还是特别会说 这个那个的 特别能画饼，还问我过年买啥了 说我买的太少了 他哪天给我买点（我还当真了 跟他说不用不用，结果人家就那么一说 ） 当天送我回家 在楼下就说抱抱  我就抱抱了 没想到他还亲我了 我有点反应不过来，这也太快了。主要之前跟网友似的，说实话并不真的熟。但是我也没表现不愿意。\n然后就是过年放假，初三是情人节，我问他出去不 他带我去逛街，在街上看见有抱花的 才跟我说 啊 今天是情人节啊，太久没处对象了 我都不知道，这样吧，哪天我给你补一个礼物（我们在的地方就是万达，还有步行街，想买啥买不到啊，但是我合计刚处他可能不想投资被，而且我也没给他准备 我就忍了）  这个过程中 请我吃过一次自助餐200，请我看过一次电影 不到一百吧   我回请看了一次电影 一次肯德基  过年的时候领导在群里发红包 我没抢到，他说他补给我，然后给我发了一个八块八的红包。\n接下来就是他特别主动，跟时保联，就是拉屎都得告诉你一下，一举一动都报备，吃饭去了，吃完了，下楼取快递 ，回来了。。。就是最开始我还有点烦，觉得没有空间。他还跟我说让我也这样，说现在是在一个单位，如果有一天不在一起工作，不能看着我 他会担心我什么的。。。但是我入戏没那么快，我的相处模式就是慢的 ，我需要接触 需要时间。他当天就跟我说 光说晚安不行，得加上爱称  老公。我有些不想，但是还是顺着他了。但是他跟我分析利弊，说不能让单位知道我俩处对象，说我俩不是一个部门的，怕单位领导怀疑我俩私下翘单位客户。我一个外行我也不懂啊，他一副资深老干部的样子。我就同意了。 之后的一个月，我就特别累，有时候我们下班不是一个时间，我部门一起下班一起走，我还得编理由说我不坐地铁了，或者说我怎么怎么样，然后等他，或者去找他的车还得环顾四周同事，就是特别累，我特别不舒服这个状态。而且他特别抠 他给我带了一袋我们单位发的零食 说让我在单位吃，但是不让我分给同部门的同事，说是他给我自己的，我不珍惜 分出去了啥的，然后我跟男同事聊天嘻嘻哈哈 他就整的跟吃醋了似的 跟我说跟小伙嘻嘻哈哈有时间，就没空回他信息， 然后还说我拿着手机不知道跟谁聊天 不理他啥的。。还开始说我跟谁一起去厕所走得太近了 说那女的不行让我离远点。。我就特别烦，总给我上课，我就有一天晚上跟他说我小心翼翼的跟他相处，怕说错话怕工作上哪地方又不对怕下班又被谁看见啥的。 他 就说 至于么 说想说啥说啥被，说从没有人对跟他相处有过这个评价，说我每次下班就不能让他们先走，一句话的事儿 怎么这么难 。说至于小心翼翼相处吗？然后说那以后你找话题，你起头，你能做到我一半么？\n      反正就聊不明白。。期间他下班带我去肯德基，什么都不点 说要自拍，我觉得丢人，学生都能买个甜筒呢，然后他有时候要带我去美食广场，我看乱哄哄的，而且刚处不到一个月，我想吃点好的，但是不想让他觉得我乱花钱 我团过一次，抛转了 也没引玉。。他会开车带我去小树林小河边，然后亲我什么的。但是想摸我身子 我没让。后来有一次 他说他新房装修完了。带我去看看，我就跟着去了，结果还是要亲亲 想伸手进去摸我胸  我没让 他就终止了。。我朋友说他想白嫖，这期间我也觉得我自己可能表现的没有他那么夸张，那么浮夸，由于他总说的好听，我也有点觉得这个人不实在，说话飘在天上，但是甜言蜜语啊 人设啊，对你的态度啊都特别好。。这个状态持续到四月份 也就是持续了两个月。\n    这期间我们每周六都会出去，去公园，就是不花钱的地方，然后他会团49块钱的火锅，新会员49 否则69，他用了自己的，他父母的 分别团了 都是49.。 他的朋友圈基本一天一条，也是维持人设，而且有的时候特别假，就不是实际情况也会写 也会晒。特别虚荣。他说自己的房贷一个月小三千 但是他一个月到手工资4500  还开车上下班。有时候我给他找借口 他抠可能也是因为没钱，我朋友说没钱是他的事儿 凭什么不给你花钱呢。。\n      4月中旬的时候，我朋友失恋了，我下班陪朋友去吃饭  喝了点酒，但是我骗他没喝。所以我心虚  他说要来接我 让我问问大概几点结束。我说我这问多尴尬啊 多扫兴，后来我告诉他别来了 我完事儿了 打车了 还给他拍照了，他就说他都出来了 就在我吃饭的地方附近等我呢，我其实当时可以下车，去找他 但是我心虚啊 我喝酒了啊，我就跟他说你咋没告诉我你出来了啊，他说怕我分心啥的。。我就说你回去吧，我到家告诉你。。然后他就生气了，说我都没问他啥时候来的，等了多久，冷不冷，吃没吃饭。我都不关心他，在我心里就我朋友最重要什么的。。。然后说以后也不会这么无条件的对我好了，也会权衡自己了 让我好好想一想 我这些日子把他当什么了。。然后还告诉我不用管他去哪了 不用在意他了。。然后细节是还是等我到家才挂电话，不一会就发一个朋友圈，定位在酒吧，一杯酒 还写个文案 说不是所有的付出都会珍惜 心疼自己，说义无反顾 只有一次。  然后我就自责了给他打电话 他说听不清 发微信吧 我就说你明天还上班呢 而且开车去啥酒吧啊，你回家吧 他就说你现在关系我不觉得晚了吗，要来的饭不香。回来我就说他不回家我不睡觉啥的 反正是给哄回家了，他告诉我回了 到底回没回也不知道。。这个就是个转折点，第二天我问他还生气吗他就说生气有啥用啊。。然后还跟我举例子说，他之前的女朋友 只要他有饭局，就必须跟着，可能是怕他喝多 或者是怕他出去找陪酒的啥的干坏事儿，反正就是只要他出去吃饭就必须带着她，他说他也理解她的担心，所以每次都带着，他说这是一种被需要。说相同的 女孩出去吃饭  男朋友去接 应该是一个特别幸福的事儿 但是我昨天给他的感觉就是他是一个负担一样。。。。  我听着就特别刺耳，我不明白他提前女友这个事儿干嘛，而且我觉得他前女友这么不放心他，她俩这么相处不累吗？    \n      ']	['一个男的，就因为借着交往的名义，就强迫拥抱，强迫叫老公，有时候还强迫摸胸。LZ你这不是看得挺明白了吗？', '首先他肯定不是真的喜欢你，即使是，这个人的性格缺陷让他根本就没有追求你的资格。\n\n然后其实你也肯定不是真的喜欢他，你只是缺少别人的肯定。你值得被更好地对待。', '感觉年轻女性确实太容易被操控了', '你朋友说的对，这就是想白嫖', '三个大字 屌丝男', '一个男的，就因为借着交往的名义，就强迫拥抱，强迫叫老公，有时候还强迫摸胸。LZ你这不是看得挺明白了吗？', '惊讶楼主还能写那么多……', '首先他肯定不是真的喜欢你，即使是，这个人的性格缺陷让他根本就没有追求你的资格。\n\n然后其实你也肯定不是真的喜欢他，你只是缺少别人的肯定。你值得被更好地对待。', '三个大字 屌丝男', '你朋友说的对，这就是想白嫖', '小气➕抠 别傻了。', '感觉年轻女性确实太容易被操控了', '8.8的红包真的大开眼界了', '赶紧逃啊姐妹。你都不喜欢他，别再半推半就了', '他怎么就对你好了啊 肯德基都不点', '不要扶贫', '赶紧跑，看的人生气捉急', '回他一句，管好你自己', '你说的太好了，我就是缺少勇气', '嗯嗯，道理我都懂！我会尽快处理', '你说得对！！我道理都懂，我在十一假期期间处理好', '嗯嗯！会的', '就是被PUA了，我本身就没什么主见', '没主见这种特点，不值得保持或者发扬']
我恋爱被PUA过 然后PUA我的人被我PUA抑郁了	https://www.douban.com/group/topic/242945869/	['正常人怎么会想着主动PUA别人？', '尤其是恋爱关系中', '恋爱中的男人如果试图PUA你，说明他内心极度自卑，他觉得他无法正常地跟你平等交流，只能打压你满足自己。', 'PUA男爱纠缠，难离开，找出来他自卑的点，让他痛苦他才会离开你。', '如果他试图说你拜金，说你花男人钱，那么他的点在穷。你只需要反复打击他穷就好。', '如果他说你丑，说明他对自己外貌没有信心，那就反击回去。', '...', '一个人用手指别人的时候三根指头指的是自己。他用什么样的话伤害你，是因为他觉得这样的话有伤害性，一个不怕痒的人是不会想着挠人，一个人挠你只能说明他怕痒。', '反击吧，姑娘们，保护好自己。', '更新：', '讲讲PUA和反PUA', '我某前男友就心里自卑 多次分手无果 难缠', '说我拜金，贪心，他有绿帽妄想症，装可怜说因为自己被绿过。', '说我拜金 我就说：“我拜金还找你？你爸妈工资有我家工人工资高么？哪里跑来的穷B配给我提鞋么，我能买你全家几次了，你当我精准扶贫呢？”', '以及“我就是喜欢人家有钱咋了？我就拜金咋了？你不喜欢钱？你不就图我钱么？”', '说我贪心想要东西：“我图你啥？图你没钱？图你没头发？图你自卑？图你脸上痘多？”', '有绿帽妄想症不是么，我就喊他“绿毛龟”，他说啥我都喊他绿毛龟，说“为啥找别人？不是因为别人能给的你给不了么，绿你，活该绿你”', '“绿就绿了呗，我不绿你都对不起你”', 'PUA我说我考试成绩好是因为老师喜欢我 不是因为我学习真好。', '我：“那老师就是喜欢我，不喜欢你，咋滴？我就是招人喜欢，大家都不喜欢你，气不气？”', '他自己不是处 还有处女情结 还PUA我 ', '我：“我不比你新？我现在正准备去医院检查，我跟你谈恋爱都怕得性病。不过你得性病你也治不起，应该会注意。”', '说他对我不好都怪我，他说“还不是因为你多情”（他想说花心', '我说：“你是想说我花心吧？您百度一下多情啥意思吧，语文不好就少说点话吧，丢人啊”', '他说我田园女权说我只想出要权利不要义务', '我说：“你在说你妈么？你妈上过一天班？作为家庭主妇却连饭都不会做？我妈白手起家买了四套房子看看你妈，留着这话给你妈说吧。”', '他说我把他整抑郁了，我高兴坏了', '有句话说的是PUA就是把你自己插自己胸口的刀子往里插', '我自信 我胸口没刀子我怕什么  没必要跟这种人谈道德 真的 跟PUA谈道德就一定会被PUA🙏', '我是个非常随和的人，真的。']	['是的，这个不分性别，一般是强势的一方容易PUA弱势的一方，甚至双方都没意识到是PUA', '我以前PUA过别人。每件小事我都要提出更好的解决方案。对方做事只要有不符合我心意的一方我就会死磕，其实都是无关紧要的事情。分手的时候对方说，跟我在一起唯一思考的是我怎么样才能不生气，分手以后我才意识到这样做根本让人活不下去。后来就拼命改，拼命改。因为我从小就是被这样对待的，家里人看到我运动就会说难看，穿颜色鲜艳的衣服不符合他们心意就会说我是荡妇。我自己很难受，但是当时没有接触过亲密关系应该怎么样，所以我就没有意识地模仿父母对我的方式对待别人了。', '其实并不 弱势的一方因为自己的弱势有时候更有PUA对方的欲望', '有些人，脸皮厚得很，说他丑他穷他抠也死皮赖脸😰', '天天说被我整抑郁了 还去医院检查了', '是的，这个不分性别，一般是强势的一方容易PUA弱势的一方，甚至双方都没意识到是PUA', '有些人，脸皮厚得很，说他丑他穷他抠也死皮赖脸😰', '说的很', '说的不够狠', '其实并不 弱势的一方因为自己的弱势有时候更有PUA对方的欲望', '我以前PUA过别人。每件小事我都要提出更好的解决方案。对方做事只要有不符合我心意的一方我就会死磕，其实都是无关紧要的事情。分手的时候对方说，跟我在一起唯一思考的是我怎么样才能不生气，分手以后我才意识到这样做根本让人活不下去。后来就拼命改，拼命改。因为我从小就是被这样对待的，家里人看到我运动就会说难看，穿颜色鲜艳的衣服不符合他们心意就会说我是荡妇。我自己很难受，但是当时没有接触过亲密关系应该怎么样，所以我就没有意识地模仿父母对我的方式对待别人了。', '我被曾经一个前任pua过，比如天天跟我说我这个人很垃圾，除了她没有女人会喜欢我。\n\n她在国外上学，我每个月工资都打给她，有时候还信用卡没有打钱，她就会不停的给我家和单位打骚扰电话。\n\n后来她回国后，谈结婚的时候，我就很迟疑，觉得性格不合适，结果我天天挨揍，被打得身上青一块紫一块。。。', '一个人用手指别人的时候三根指头指的是自己。他用什么样的话伤害你，是因为他觉得这样的话有伤害性，一个不怕痒的人是不会想着挠人，一个人挠你只能说明他怕痒。这话太对了！！！！！', '能主动意识到自己有PUA他人行为真的是太了不起了…', '我后来是理解为强迫他人用跟自己一样的方式思考做事就算是PUA。我自己跟人交往的时候，是害怕对方离开我，所以处处都想让对方认同我。经济方面的事情倒是没有牵扯很多，当时对方家里条件不太好，就一直是我出钱，这一点对方后来表示很不舒服。所以，只要自己觉得很不适，就可以离开对方了。', '能意思到并努力改很厉害了', '钱能要回来么……', '巧了，在这又和你见面了', '哈哈哈哈哈哈', '职场被pua还得忍着毕竟要吃饭，我就不明白为什么恋爱还能被pua，分手就分手啊，所以恋爱被pua还不都是自己活该？', '你以为好分啊 谈三个月骚扰我一年', '呃。。。没有。。。', '...惨', '我是来看那个人怎么抑郁的。坐等更新', '天天说被我整抑郁了 还去医院检查了', '牛🐮！', '干得漂亮', 'ls有些评论我觉得弄错了pua的定义 pua是自己主观恶意通过pua达到自己的目的 \n\n有些人只是习惯感情勒索而已 而且对待亲密关系只会感情勒索  和pua有点区别吧', '我妈就是这样，我被她整的抑郁三四年，自杀两次，好多次想要和她同归于尽。不过后来我觉得我值得被爱，哪怕就是她说的那样差劲。现在虽然偶尔还会生气但大部分时间觉得她很可怜。', '有故事的人', '你能把我pua到上吊吗。算你狠', '现在严重怀疑被前男友pua了，他不断强调我情商低不会说话，引导我付出为他花钱为他家人花钱，还好发现及时撤退。', '撤退了就好撤退了就好']
大家会不会有时候，也发觉自己在pua别人	https://www.douban.com/group/topic/247759645/	['不知道我对pua的理解对不对', '我觉得就是情感操控', '利用在乎别人对自己的在乎，达到自己想要的结果', '小的时候，我会觉得自己对父母有这样不好的行为。', '现在长大了，恋爱结婚，都会用伴侣对自己的爱和在乎，达到自己只用考虑自己感受的结果。', '当然现在，婚姻里这样的我也得到了反噬。', '就，是讨论一下。']	['那我不是。当意识到自己在pua 别人的时候 会即刻停止这段关系 或者重新调整自己与对方的相处方式 因为pua 总让我觉得很无趣 失去探索欲与觉知的能力 不够高明', '我觉得自己有点']
我怀疑我被男朋友pua了	https://www.douban.com/group/topic/247333764/	['我感觉好像被男朋友pua了\n\r   因为受政策影响，我在三个月前失业了，这期间我真的比较迷茫一直在找工作被骗的过程中挣扎，遇到的工作要么是没有接触过的，要么就是骗子公司比较多。\n\r      我也不明白一个小小的城市里为什么会有这么多骗子公司。\n\r唯一让我心里有安慰的应该就是我的男朋友了吧，感觉他也不催促我去找工作，还一直说养我。\n\r       虽然说我失业了，但是我基本都在家里吃饭也没有什么买东西的欲望，所以就算是没有存款我觉得我也能活下去，虽然说他说会养我但是前两个月，我去他那里买菜的钱都是我出的，基本我去的下午我都会给他买好菜，做好饭等他回来。\n\r       这一个月我是实在真的没钱了他一共给了我两百块钱，（他捡了一只流浪猫）买猫粮花去了30块钱，（十块钱一斤的普通猫粮），给他买饮料和水花了60多元钱，其他的都留着给他买菜，虽然说他有点时候会拿他的手机给我刷但是基本都是在给他买东西的时候才会拿他手机刷。\n\r      我每天都会回家，一般不在他那里留宿，所以我每天回到家都会给他打视频通话说晚安，但是我感觉他越来越不耐烦了，这些我都没有想说什么，其实在失业前我每个月发工资以后都会发500给他做为我的生活费，而这次清减，我把学校发的那3000块钱一起发给了他，我想着可能会有很长一段时间没有收入，一次性拿给会好一点但是现在他下班以后一直抱着平板刷视频，或者把蓝牙开得很大声的听书，我叫他小声一点，他都会一脸不高兴的把声音调小，然后冷着脸不说话。\n\r      这两天我找了一个离家比较远的工作，从我家出发太远了所以我早上六点半就要起床七点就必须出门，骑车一个小时才能到公司其实我真的不喜欢那个工作而且毫不意外，这个工作仍然拿着微薄的收入做着两份工，所以在上班的第三天也就是今天早上我选择直接走人。\n\r       今天他下班很晚，我等他到8点半，回来以后他跟我说他吃过饭了，我看了他一眼，拉着他和我去烧烤摊打包了一份，他很不耐烦和我站在一起，距离烧烤摊隔了一条马路站在那里，在等老板帮我做东西的时候，他不止一次提出想先回去，回来以后，他去上了厕所，我准备拿着平板去看电影，但是我发现我的指纹用不了。\n\r     他出来以后我开着玩笑的问，为什么我的指纹用不了，他居然说了一句我给你录个指纹吗？，那分钟我是真的感觉到委屈了，我也不知道我这个情绪是不是，太过于小肚鸡肠。\n\r      后来气氛有点尴尬，我觉得还是不能这样子下去，我让他帮帮我，他一脸嫌弃的看了我一眼，然后给我说，他不喜欢我今天穿的这一套衣服，我平时都是穿汉服的，但是我也知道要是你去上班，那么就要有上班的态度，所以我穿了常服，而且我觉得今天的衣服并不丑呀，别人都觉得我穿运动服好看有朝气，为什么到他嘴里却说我很丑。\n\r      然后还拿抖音上一些修图的前后反差图片给我看，我跟他说那个小姐姐很好看呀，其实现实中大部分的人都是那种常态呀，很少有真正的天生丽质的，他说有些小姐姐现实中还是很好看的，不知道为什么听到他这样一说我觉得很嘲讽，因为我觉得是不是我的态度给了他过度的自信认为他很优秀，他是不是觉得他配拥有，可惜他才176不高长得也不好看，在回家的路上我开始反思，发现我好像真的是被他pua了，我和他在一起两年多了，他只会给我买汉服，以前还会陪我逛街，而且我以前也不长现在这个样子，因为我得了甲亢，药物里的激素，让我在短时间内从100斤长到了130斤，好像是在我长胖以后他就不愿意和我一起出门了，然后给我买我以前那个身材才穿得下的汉服，不停的跟我强调让我减肥，然后不停的拿别人的身材图片，说人家虽然脸不怎么样，但是身材好呀，每天明里暗里的跟我暗示我丑，在我生病的这一年里，我周围的朋友都被他删除了，我发现我的生活圈子，只有围着他一个人了，在重新找工作的时候我发现我居然开始社恐了，我变得害怕和别人交流，性格变得胆小懦弱，所以我这是被pua了吗，会不会是我的错觉，', '      从他那里回来我都在怀疑自己是不是被pua了，大脑里现在有两个人在不停的拉锯战，这是我的错觉吗？']	['他只是不爱你了。', '是呀所以我看开了']
删	https://www.douban.com/group/topic/247360615/	['删']	['你不舒服就算', '两个人的关系让你感到不舒服那就算了吧', 'PUA者的根本特质是不愿放手。现在分明不想放手的是你？']
这个小组太及时了，被打压的快抑郁了	https://www.douban.com/group/topic/242955074/	['在一起八个月，拉拉，女朋友经常打压我，最近，分手了，但是我有点抑郁倾向，现在对什么都不感兴趣，只能强迫自己报了一个拳击课的班发泄，现在好多了。她并不觉得自己经常给我负面反馈和打压，从来不觉得自己错。我也有错，不应该馋她身子去勉强自己当小三😭', '1.经常说我胖，我106斤，身高160，刚在一起的时候说自己喜欢微胖的，后来就开始说“你该减肥了，你得瘦下来，你觉得自己不胖是吗？”', '2.经常说我笨，傻', '3.看不起我朋友们，说我朋友家境穷，另一个朋友胖；我学妹要来我在的城市，我要请她吃饭，她说我学妹不配吃那么好的。经常夸她的朋友，从来不夸我，有几次我问她我的优点是什么，她说我逼问她，她不想说。', '4.分手的时候说我不上进，对待生活态度不积极（刚在一起的时候说对我什么要求都没有），和我没有共同语言，笑点也不一样，没话说。', '5.说我看的电视剧，电影是脑残片；说我听的歌是精修的，没有唱功，她听的都是唱功极佳的', '6.说她喜欢直男的那一套，说我的某些衣服不好看，说不喜欢我穿的裙子，说我不打扮，作为文科生都不化妆，连眼线都不会画，刚认识我的时候她没说在乎这个。', '7.她已婚，她说不想离婚，平时消费她花钱，分手的时候说我经济不独立。', '8.说我英语差，又不学英语（她在外企上班）', '9.我问她对我有没有爱情，她说，呆在一起舒服就行了，为什么要纠结这种问题', '10.分手的时候说了我一大堆缺点，说和我没有默契。我问她，我有什么优点，她说，你让我感觉很温暖。（其他的没了，她说我这是逼她）', '11.平时因为她不夸我、嘴贱、贬低我引起的吵架，她把原因归结为：你敏感。', '12.在一起三个月的时候说，你几乎符合我所有的要求。分手的时候挑剔了一大堆缺点，说自己腻了，没有新鲜感了。', '13.有一次说我听我爸爸的话是“愚忠”。我说我不喜欢这个词，她说这不是个好词儿吗？贬低别人还描述的这么清新脱俗。', '8月18日 她跟我道歉：很抱歉事情发展成这个样子', '8月19日 她问我：你最近在上什么课，我说：拳击课，她回了一句：cool，去年我也上过几节。（其实还在骗我，去年她只体验了一节，根本就没系统学过，还想在我面前装牛逼，很烦）', '8月20日：', '分手之后心态平和了很多，再也不用担心她打压我，贬低我，嘲讽我，调侃我。我可以打打拳，睡觉，吃饭，喝酒，看书，看电影，玩游戏，不用再担心她说我睡的多，不工作，不上进。人生苦短，逃离让自己感觉不舒服的人，自己的感受最重要，爱自己是最高信仰。']	['她是啥好处都想占…已婚还出来骗人太恶心了。祝你以后越来越好', '还好分手了，让她去吧，和对象不应该是互相夸夸吗，你真厉害，你真棒', '骗婚就已经很渣了，还好意思judge 别人。分的好！！！', '她已婚？而且你也知道？', '太让人心酸了，还有160 100斤一点都不胖，我和对象在一起胖了会监督对方少吃点，虽然也会说对方胖，但是语气不会是指责的，你值得一个会夸人的女朋友！', '还好分手了，让她去吧，和对象不应该是互相夸夸吗，你真厉害，你真棒', '她从来不夸我', '太让人心酸了，还有160 100斤一点都不胖，我和对象在一起胖了会监督对方少吃点，虽然也会说对方胖，但是语气不会是指责的，你值得一个会夸人的女朋友！', '呜呜，谢谢友友', '不客气～找到了一定让她对你360度好好夸一夸，赶走前女友的晦气', '嗯，前女友真的晦气。', '她已婚？而且你也知道？', '知道呀，一开始说会离婚，后来感情稳定之后她说不要离婚。', '她是啥好处都想占…已婚还出来骗人太恶心了。祝你以后越来越好', '谢谢友友～', '这样让自己觉得不舒服的人，一定要第一时间离开，保护自己。哪怕自己一人儿待着，也比跟这种人在一起强一万倍。要爱自己保护好自己哦，只跟让自己觉得舒服的人在一起。', '是的，可能是迷恋其中的某些部分，所以忍受了这些让人不舒服的地方😭', '骗婚就已经很渣了，还好意思judge 别人。分的好！！！', '谢谢大家的安慰～我现在好很多啦～', '摸摸头 有过类似经历 早分手早快乐 恭喜你', '谢谢姐妹～', '啊！', '主要是馋身子，这就被动了', '？？？', '一米六 106正常体重 不胖不瘦 瘦不代表美 胖也不代表美都是文化属性的加持。', '1.我坚持小三无罪论，你虽然知三做三，但你不是和男人定下社会契约的那一位，所以这件事是妻子对丈夫不忠，违反了婚姻契约。应该她负责而不是你，因为出轨没有独一无二，你可能是第一也可能是第二。\n2.你的高矮胖瘦，学历修养，审美谈吐是她在选择你的时候就应该有预期接受的，如果跌破了她的底线，她自然会结束关系。如果她一边抱怨一边维持关系，只能说她这个人没什么底线。\n3.人都是相互的 需求是最强大的驱动力，她有她的价值评判体系。我相信你也有自己的，按照自己的价值观念和体系来就好。一定要把自己的架构打牢，以后就可以尽量避免被人牵着鼻子走。', '谢谢姐妹，我也这么认为，健康就好～', '谢谢姐妹～竟然打了这么多字，我不会再做小三啦，至于她挑剔我的那些，我这几天想了一下，我没有错，她认识我的时候其实我就是这样子。', '我也被pua，因为多囊两年胖了四十多斤，被绿，拉拉。🤣', '太惨了……']
求助！已经摆脱了朋友的PUA，但是迟迟走不出阴影……	https://www.douban.com/group/topic/246083668/	['简单地说就是我年少不懂事结识了一个网友，也面基了几次，就真把她当朋友了。因为她年龄比我大，（自称的）生活经历和家庭背景也超级牛x，我一度非常相信她，她的话当圣旨来听。', '认识的时机特别巧，正好在我毕业进入社会的时候，刚开始因为急于从她那里学社会经验，我有意识地贬低自己抬高她，结果渐渐发展到她辱骂我的地步……', '最后她已经不再是单纯辱骂我了，而是处处给我的生活找茬、添堵。比如我出门坐公交，她就说“现在疫情这么严重还敢坐公交 你是傻x吧”；我要是打车，她就说“一个月赚多少还打车 败家子儿 你家有你真是倒大霉了”。', '总之我做什么都不对，我只要说话她就会反驳+辱骂。', '醒悟的点是她触碰到了我的一个底线，贬低了我的一个信仰，我就狠狠怼了回去，骂了个爽。当时正好也听到一首歌，受到了鼓励，越发觉得为什么要受她的气，一怒之下给她拉黑了。', '现在已经过去了三天，我心里空落落的，一想到在那种人身上付出那么多情感和时间包括金钱（送了她很多礼物）就很绝望，特别难受。', '有没有类似经历的uu能分享下走出来的经历，谢谢大家了(´;︵;`)']	['dd']
.	https://www.douban.com/group/topic/244770498/	['\n.']	['应该是被PUA了，因为你们两的交流并不对等', '应该是被PUA了，因为你们两的交流并不对等', '是 已经对你造成了实质性的负面影响', '分吧', '是，不分你也改变不了他，就算现在立刻马上原地结婚也改不了，二十年后孩子上大学了也改不了，舍不得就忍着', '我可能比较传统，我认为同居 （不包括偶尔去对方房子处过个周末这种）就是要在有结婚计划，安排好婚期后才能进行的，不然什么计划都没有就进入如夫妻的同居生活，不容易再产生结婚的冲动…会觉得维持现状也没什么不好啊何必深度捆绑']
